Discount ${discount} For All Orders Over ${price}, Rabatt von ${discount} auf alle Bestellungen über ${price}
Unleash Your Inner Style Icon, Entfesseln Sie Ihre innere Stilikone
Discover the Latest Trends and Elevate Your Wardrobe Today, Entdecken Sie die neuesten Trends und werten Sie Ihren Outfit noch heute auf
SHOW NOW, EINKAUFEN
$, €
Please select, Bitte auswählen...
The page you requested does not exist., Die von Ihnen angeforderte Seite existiert nicht.
Continue shopping, Weiter einkaufen
404 Page Not Found, 404 Seite nicht gefunden
Home, Startseite
Not found, Nicht gefunden